<?xml version="1.0"?>
<!--
   Licensed to the Apache Software Foundation (ASF) under one or more
  contributor license agreements.  See the NOTICE file distributed with
  this work for additional information regarding copyright ownership.
  The ASF licenses this file to You under the Apache License, Version 2.0
  (the "License"); you may not use this file except in compliance with
  the License.  You may obtain a copy of the License at

       http://www.apache.org/licenses/LICENSE-2.0

   Unless required by applicable law or agreed to in writing, software
   distributed under the License is distributed on an "AS IS" BASIS,
   WITHOUT WARRANTIES OR CONDITIONS OF ANY KIND, either express or implied.
   See the License for the specific language governing permissions and
   limitations under the License.
-->
<document>
   <properties>
      <title>Downloads</title>
      <author email="dev@commons.apache.org">Apache Commons Documentation Team</author>
      <revision>$Id: downloads.xml 1537449 2013-10-31 11:46:06Z sebb $</revision>
   </properties>

   <body>
     <section name="Releases">
         <p>
            The latest release binary and source releases are always available on the
            <a href="http://commons.apache.org/pool/download_pool.cgi">
            Apache Commons Pool Downloads page</a>.
         </p>
         <ul>
           <li>
              Version 2 is a major refactoring. The primary change is in the
              underlying implementation which uses significantly less locking
              and is therefore much better suited to high concurrency
              environments. The API has also been made much more self-consistent
              with a number of attributes changing name to clarify their
              purpose. 
           </li>
           <li>
              Version 1.6 adds generics based on the latest 1.5.x release, 1.5.7
              at the present time. It requires Java 1.5.
           </li>
           <li>
              Versions 1.3 through 1.5 depend at runtime only on a Java 1.3 or better JVM.
           </li>
           <li>
              Version 1.2 depends at runtime on
            <a href="http://commons.apache.org/collections/">commons-collections</a>.
           </li>
         </ul>
         <p>
         </p>
         <p>
            Older releases are retained by the Apache Software Foundation but are 
            moved into a
            <a href="http://archive.apache.org/dist/commons/pool/">
            special archive area</a>.
         </p>
         <p>
            Access to the source tree to see the latest and greatest code is possible
            through <a href="source-repository.html">anonymous SVN access</a>.
         </p>
      </section>

   </body>
</document>
